ConsensusAA,ChangeAA,Position,Pred_Prob
R,H,259,0.9092214365188483
I,L,132,0.8145061922104497
G,R,245,0.7993621108700322
R,C,174,0.7595089937023252
R,C,181,0.7544456047240763
G,R,168,0.7290970727056763
L,I,175,0.7108564361806821
A,T,300,0.7096560780357406
T,M,169,0.7024517337574934
K,R,362,0.6980175763995231
V,L,185,0.6767601074591304
V,M,172,0.6635044717820178
A,E,287,0.6574279093731173
A,T,287,0.6574279093731173
G,S,297,0.6112773025591474
V,M,162,0.5749540314338816
G,S,589,0.5610989944641174
V,M,207,0.5532114654758914
W,C,158,0.5419921585012735
R,X,518,0.5099994555288084
R,H,583,0.4975516338126492
R,C,583,0.4975516338126492
E,K,385,0.4899890248365589
K,N,393,0.4844016197710971
V,I,110,0.4828260435353341
K,R,398,0.4626910350726737
R,C,293,0.4615894567725185
R,W,401,0.4573636576773456
D,N,459,0.4364953435351344
T,M,600,0.4332301142996888
D,E,446,0.4315450165540079
P,L,81,0.4315425532700437
V,I,418,0.4279697598083699
R,Q,451,0.423514480124932
R,W,451,0.423514480124932
T,I,513,0.4226059487582288
A,T,486,0.4204702620139647
R,Q,452,0.4126165645622157
N,S,483,0.4031386949149824
P,L,35,0.3972656046647116
G,S,26,0.3916727467818429
D,N,611,0.3900558360486948
S,T,463,0.3887402066738048
A,V,370,0.38447890856711175
V,I,576,0.3815117514414553
G,S,460,0.3799853974787926
G,D,460,0.3799853974787926
R,L,14,0.3658702325473416
P,T,73,0.3568406844802425
A,T,46,0.3504180530336701
Y,X,662,0.3442585911011817
P,L,448,0.3408694978897552
P,Q,448,0.3408694978897552
P,R,448,0.3408694978897552
V,M,294,0.3297131895308051
N,S,657,0.32212475665465595
G,S,626,0.3079948689194878
G,S,584,0.29109371293369285
P,R,631,0.27080357760566603
P,S,400,0.24751327238256196
G,S,621,0.2373124404373588
R,Q,507,0.2332657039304284
T,A,624,0.22772645075278275
M,V,476,0.20205591119277572
G,S,643,0.1868940521353367
