ConsensusAA,ChangeAA,Position,Pred_Prob
R,H,259,0.7754361793704219
G,R,245,0.7038879898617391
R,C,174,0.6871551952596278
I,L,132,0.6864735955639862
R,C,181,0.6767245178627096
G,R,168,0.6610692782356439
L,I,175,0.6554688884100306
A,T,300,0.6535491757100604
K,R,362,0.64542442136446
V,L,185,0.6347886088076916
T,M,169,0.6205845633688944
A,T,287,0.6182869771148289
A,E,287,0.6182869771148289
V,M,172,0.5996164231784823
G,S,297,0.5865457293210992
V,M,162,0.5850883976820657
V,M,207,0.5700960561651565
W,C,158,0.5523986360172046
E,K,385,0.5307376505818528
K,N,393,0.5276664174439095
G,S,589,0.526735994609314
K,R,398,0.5093149244730949
R,W,401,0.5046179033735774
R,X,518,0.490897241647017
V,I,110,0.4882020349007413
D,N,459,0.4823226723550906
D,E,446,0.4811545344570189
R,H,583,0.4781811763035135
R,C,583,0.4781811763035135
V,I,418,0.47756385214084
R,Q,451,0.4729579818348787
R,W,451,0.4729579818348787
A,T,486,0.4709302684172825
P,L,81,0.4679332131782447
R,Q,452,0.4616862391183579
N,S,483,0.4528801759765782
R,C,293,0.4476059240229929
P,L,35,0.4394799915706944
T,M,600,0.4382519528152152
S,T,463,0.437504550121094
G,S,26,0.433505038969063
T,I,513,0.4300003440446899
G,S,460,0.4234054338014165
G,D,460,0.4234054338014165
D,N,611,0.418292663354712
R,L,14,0.4062766849835415
Y,X,662,0.39357587917952
P,T,73,0.3915900525035947
P,L,448,0.3860766001923838
P,R,448,0.3860766001923838
P,Q,448,0.3860766001923838
A,T,46,0.3747272922735022
N,S,657,0.3697010337524105
A,V,370,0.33486958552614016
G,S,626,0.33081426851566503
V,I,576,0.3101212320010076
V,M,294,0.3099431296953723
P,R,631,0.3005924999318843
P,S,400,0.28211064402711283
G,S,584,0.27793681920913976
G,S,621,0.2600836731081145
R,Q,507,0.2554323672624277
T,A,624,0.2443116987960534
M,V,476,0.2345951846808953
G,S,643,0.21933186259627355
