ConsensusAA,ChangeAA,Position,Pred_Prob
R,H,259,0.776015574611832
G,R,245,0.7041560319175432
I,L,132,0.6874186243286378
R,C,174,0.6873720332772497
R,C,181,0.6770566583911438
G,R,168,0.6614263053233115
L,I,175,0.6557247456514065
A,T,300,0.6536195151650435
K,R,362,0.6454127933054951
V,L,185,0.635046839189163
T,M,169,0.6213757052765287
A,T,287,0.6184670893967573
A,E,287,0.6184670893967573
V,M,172,0.6003791477384101
G,S,297,0.5868135861135871
V,M,162,0.5852848764811566
V,M,207,0.5702697184741197
W,C,158,0.5528600749383901
E,K,385,0.5306809016556887
K,N,393,0.5275958745233609
G,S,589,0.5270293664977475
K,R,398,0.5093460329221192
R,W,401,0.5046737939257295
R,X,518,0.4914556834113647
V,I,110,0.4893008376268084
D,N,459,0.4824560377901467
D,E,446,0.4812851459421129
R,H,583,0.4787211954244079
R,C,583,0.4787211954244079
V,I,418,0.4777726968213736
R,Q,451,0.4731427598001649
R,W,451,0.4731427598001649
A,T,486,0.4710570441163875
P,L,81,0.468950330716702
R,Q,452,0.4619568361733785
N,S,483,0.453153344851289
R,C,293,0.4488521470836657
P,L,35,0.4407282697112797
T,M,600,0.4388393679670955
S,T,463,0.4379349787699512
G,S,26,0.4348138171255326
T,I,513,0.4307825462682847
G,S,460,0.4239924360364347
G,D,460,0.4239924360364347
D,N,611,0.41879080561431054
R,L,14,0.4077971479798817
Y,X,662,0.393957265500296
P,T,73,0.3931506935153691
P,Q,448,0.3869195909488863
P,L,448,0.3869195909488863
P,R,448,0.3869195909488863
A,T,46,0.376531333193374
V,I,241,0.3734650404958904
N,S,657,0.3702677333354296
A,V,370,0.3370157293415952
G,S,626,0.3319107870416553
V,I,576,0.3122471124194746
V,M,294,0.3120672766855024
P,R,631,0.3017750238025974
P,S,400,0.2836737765592226
G,S,584,0.27969597829277976
G,S,621,0.2615234643267473
R,Q,507,0.2570533517404519
T,A,624,0.24585999614148754
M,V,476,0.23620667286586106
G,S,643,0.22075933556837304
