ConsensusAA,ChangeAA,Position,Pred_Prob
R,H,259,0.914485046654334
I,L,132,0.8218010649097173
R,C,174,0.7662786541072948
R,C,181,0.7614142396804151
G,R,168,0.7360166603559191
L,I,175,0.7175707675022014
A,T,300,0.7165942969331448
T,M,169,0.7099377344450964
K,R,362,0.7050311310280172
V,L,185,0.6832892072446032
V,M,172,0.6706934806906556
A,E,287,0.6641199575993195
A,T,287,0.6641199575993195
G,S,297,0.6176478278535565
V,M,162,0.5799867963961216
G,S,589,0.5682859334029465
V,M,207,0.5580763976071995
W,C,158,0.5469347217175019
R,X,518,0.5164333104108401
R,C,583,0.5040632148661581
R,H,583,0.5040632148661581
E,K,385,0.494213755725457
K,N,393,0.4885346071822864
V,I,110,0.4875795169698457
R,C,293,0.4671719586338736
K,R,398,0.4666050244129533
R,W,401,0.4612304559082415
D,N,459,0.4403738613385526
T,M,600,0.43860807264520735
D,E,446,0.4352465965459266
P,L,81,0.4349550601338878
V,I,418,0.43159181199408175
T,I,513,0.4276605116236287
R,Q,451,0.4271693928479399
R,W,451,0.4271693928479399
A,T,486,0.4241364414611759
R,Q,452,0.4161975450623578
N,S,483,0.4066776298461716
P,L,35,0.4001493364942969
G,S,26,0.3945049391232021
D,N,611,0.39436522883021535
S,T,463,0.3921438023839377
A,V,370,0.3907518613036281
V,I,576,0.3888725427211522
G,D,460,0.38346249504087904
G,S,460,0.38346249504087904
R,L,14,0.3684976027266536
P,T,73,0.3596588323347174
A,T,46,0.3534407603549041
Y,X,662,0.34755414070548285
P,L,448,0.3438751807438654
P,Q,448,0.3438751807438654
P,R,448,0.3438751807438654
V,M,294,0.334326234276757
N,S,657,0.32520841041057863
G,S,626,0.31158683104408463
G,S,584,0.29551727849192955
P,R,631,0.27371157099699656
P,S,400,0.24962580609300405
G,S,621,0.2399434887614361
R,Q,507,0.2356973575134848
T,A,624,0.23040531897489344
M,V,476,0.20370726061269984
G,S,643,0.1885290575852315
