ConsensusAA,ChangeAA,Position,Pred_Prob
R,H,259,0.918836870213198
I,L,132,0.8270863670712288
R,C,174,0.7707249769518622
R,C,181,0.7658894539087319
G,R,168,0.7401615486253466
L,I,175,0.7213470135574857
A,T,300,0.7202666457743097
T,M,169,0.7139932509182765
K,R,362,0.7084651203623563
V,L,185,0.6864431597137032
V,M,172,0.6739992842683273
A,E,287,0.666871543723047
A,T,287,0.666871543723047
G,S,297,0.6194462677079668
V,M,162,0.5807375031751172
G,S,589,0.569089650478024
V,M,207,0.5582886105111948
W,C,158,0.5470975262175516
R,X,518,0.5161363808291021
R,C,583,0.5034799039896769
R,H,583,0.5034799039896769
E,K,385,0.4927183770452637
K,N,393,0.4868898750590418
V,I,110,0.4867948254074685
R,C,293,0.4661372697032687
K,R,398,0.4645131845840738
R,W,401,0.4590314514151528
D,N,459,0.4377777443255826
T,M,600,0.43646898551505
P,L,81,0.4327896485422783
D,E,446,0.4325186473647495
V,I,418,0.4288305050979384
T,I,513,0.4253862419203563
R,W,451,0.4243034503324555
R,Q,451,0.4243034503324555
A,T,486,0.4211698455101472
R,Q,452,0.4131552749377837
N,S,483,0.4034409021328329
P,L,35,0.3973600267611685
G,S,26,0.3916395095534318
D,N,611,0.3911350897812296
A,V,370,0.3889299084695577
S,T,463,0.3887129686816533
V,I,576,0.38719231533698173
G,S,460,0.3799820512099461
G,D,460,0.3799820512099461
R,L,14,0.3652627357076385
P,T,73,0.35632285690492593
A,T,46,0.3501972532478652
Y,X,662,0.3432890608920849
P,L,448,0.3398187329578478
P,R,448,0.3398187329578478
P,Q,448,0.3398187329578478
V,M,294,0.3312797796755769
N,S,657,0.3206969251971417
G,S,626,0.3073122877292482
G,S,584,0.29166549456040697
P,R,631,0.26897024704065464
P,S,400,0.24482540982976725
G,S,621,0.23509472585493935
R,Q,507,0.2309204850642552
T,A,624,0.2256033373981273
M,V,476,0.1987143252734656
G,S,643,0.18343579888197434
