ConsensusAA,ChangeAA,Position,Pred_Prob
R,H,259,0.9128176384145334
I,L,132,0.8186174858922469
G,R,245,0.8031514612961487
R,C,174,0.7629293406017463
R,C,181,0.7578479745897675
G,R,168,0.7321831539599393
L,I,175,0.7136296393864116
A,T,300,0.7122968767816175
T,M,169,0.7053048575266948
K,R,362,0.7004164126272583
V,L,185,0.6789616130634065
V,M,172,0.6656801448787992
A,E,287,0.659208785997997
A,T,287,0.659208785997997
G,S,297,0.6121822301268335
V,M,162,0.5751151155336359
G,S,589,0.5608535366836884
V,M,207,0.5528806833187174
W,C,158,0.5415685101616653
R,X,518,0.5088002617189374
R,C,583,0.4960550014237578
R,H,583,0.4960550014237578
E,K,385,0.4881315617460386
K,N,393,0.4824170264694471
V,I,110,0.4814421738373242
K,R,398,0.4602986153565187
R,C,293,0.4597674010650154
R,W,401,0.4548721279780389
D,N,459,0.43359826865934825
T,M,600,0.43042510618170987
P,L,81,0.4290777580451512
D,E,446,0.428553928334362
V,I,418,0.4249536866196679
R,W,451,0.4203897452512431
R,Q,451,0.4203897452512431
T,I,513,0.4197131909640692
A,T,486,0.41724895503087295
R,Q,452,0.40932195603148624
N,S,483,0.3996581044045756
P,L,35,0.3942631119663473
G,S,26,0.3885979847023317
D,N,611,0.3863964300068477
S,T,463,0.3850760646907778
A,V,370,0.3816159581313268
V,I,576,0.3785559390738923
G,S,460,0.37623871715451135
G,D,460,0.37623871715451135
R,L,14,0.3624426646606523
P,T,73,0.35326592811069163
A,T,46,0.34686414642515195
Y,X,662,0.33978161575057736
P,Q,448,0.3366103544837391
P,L,448,0.3366103544837391
P,R,448,0.3366103544837391
V,M,294,0.3259743116087991
N,S,657,0.3174192090632067
G,S,626,0.30335970924870165
G,S,584,0.2866220488353246
P,R,631,0.2658164034053208
P,S,400,0.2425723837791177
G,S,621,0.232224579388546
R,Q,507,0.22826632699640406
T,A,624,0.2226558272136992
M,V,476,0.19697257659491446
G,S,643,0.1817187033626616
