ConsensusAA,ChangeAA,Position,Pred_Prob
S,W,182,0.7390926068289507
I,T,567,0.5201770764545479
R,C,397,0.4765439341100053
V,A,465,0.4203028342045093
L,P,602,0.3703511605114528
A,V,2,0.3244867542473445
P,H,63,0.3077900883471312
