ConsensusAA,ChangeAA,Position,Pred_Prob
S,W,182,0.745960350587459
I,T,567,0.5308991786022489
R,C,397,0.4806452780819748
V,A,465,0.4239386969207695
L,P,602,0.3743473894154379
A,V,2,0.3267728485107381
P,H,63,0.3101533874380397
