ConsensusAA,ChangeAA,Position,Pred_Prob
V,I,110,0.4814421738373242
P,L,81,0.4290777580451512
P,T,73,0.35326592811069163
A,T,46,0.34686414642515195
