ConsensusAA,ChangeAA,Position,Pred_Prob
P,H,320,0.9883559938985396
H,L,126,0.6458347434236463
R,Q,380,0.5981415797861821
G,R,119,0.5426778240221821
R,S,116,0.5328105182563543
R,H,116,0.5328105182563543
Q,L,107,0.4912819374828527
Q,R,107,0.4912819374828527
Q,P,107,0.4912819374828527
V,I,110,0.4882020349007413
P,R,99,0.4741173497390096
P,L,81,0.4679332131782447
S,P,92,0.4529633929194946
P,S,7,0.4363546569669252
S,R,27,0.4260564125824287
P,S,64,0.4244998292154891
P,A,59,0.4151999100676625
K,R,13,0.4028363249221895
P,T,61,0.4025560710002737
E,K,11,0.3924281730411792
P,T,73,0.3915900525035947
A,D,10,0.3819727888054264
A,T,23,0.3801017302487025
A,T,46,0.3747272922735022
A,G,3,0.3690068097299478
P,R,84,0.3644441954550927
A,V,2,0.3622402349305972
S,F,77,0.3206512487142362
P,H,70,0.2945871850922656
P,L,70,0.2945871850922656
P,T,70,0.2945871850922656
V,D,106,0.29438673152204803
