ConsensusAA,ChangeAA,Position,Pred_Prob
R,H,259,0.6370073265743107
G,R,245,0.6085906038620401
R,C,174,0.6083187608871712
R,C,181,0.5953121084965667
L,I,175,0.586600924917679
G,R,168,0.5859216275473837
A,T,300,0.580315602880728
I,L,132,0.575939795302157
V,L,185,0.5727716827655518
K,R,362,0.5721657662333194
A,T,287,0.5548787334005917
A,E,287,0.5548787334005917
V,M,162,0.5485375067835621
T,M,169,0.5409650726183969
V,M,207,0.5355516045514388
G,S,297,0.5306409341911874
V,M,172,0.5297991153369715
W,C,158,0.5177539609006158
E,K,385,0.5022102132194827
K,N,393,0.5000967523094494
K,R,398,0.4841797062616831
R,W,401,0.4799729906668545
G,S,589,0.4606522866283193
D,E,446,0.4577432584737146
V,I,110,0.4572892134125787
D,N,459,0.4568128566075277
V,I,418,0.4553690727068882
P,L,81,0.4522660321419405
R,Q,451,0.4499720950328211
R,W,451,0.4499720950328211
A,T,486,0.4473689180102969
R,Q,452,0.4394550251311905
R,X,518,0.4362339845569053
N,S,483,0.43066988383612
P,L,35,0.43006528560643376
G,S,26,0.42472627253697387
R,C,583,0.4223352106274919
R,H,583,0.4223352106274919
S,T,463,0.4169368665392713
R,C,293,0.4060753192031591
G,S,460,0.4020185575586518
G,D,460,0.4020185575586518
R,L,14,0.3996318083189982
T,M,600,0.3952309786078201
T,I,513,0.391511828601349
D,N,611,0.3862496446892674
P,T,73,0.38196623137760416
Y,X,662,0.37129315381382544
P,L,448,0.3695777766149523
P,Q,448,0.3695777766149523
P,R,448,0.3695777766149523
A,T,46,0.3630971270477748
N,S,657,0.3495393178004782
G,S,626,0.3057946439780603
A,V,370,0.2890154419061446
P,R,631,0.2820612017243478
V,M,294,0.27986329782244024
P,S,400,0.2741653956408162
V,I,576,0.2544334887815605
G,S,584,0.2464852537515688
G,S,621,0.2440769863900193
R,Q,507,0.24259086868625035
M,V,476,0.22963261232669224
T,A,624,0.2277206220872893
G,S,643,0.21247538081859524
